"?column?","email"
"Jared Ely","jared.ely@sakilacustomer.org"
"Mary Smith","mary.smith@sakilacustomer.org"
"Patricia Johnson","patricia.johnson@sakilacustomer.org"
"Linda Williams","linda.williams@sakilacustomer.org"
"Barbara Jones","barbara.jones@sakilacustomer.org"
"Elizabeth Brown","elizabeth.brown@sakilacustomer.org"
"Jennifer Davis","jennifer.davis@sakilacustomer.org"
"Maria Miller","maria.miller@sakilacustomer.org"
"Susan Wilson","susan.wilson@sakilacustomer.org"
"Margaret Moore","margaret.moore@sakilacustomer.org"
"Dorothy Taylor","dorothy.taylor@sakilacustomer.org"
"Lisa Anderson","lisa.anderson@sakilacustomer.org"
"Nancy Thomas","nancy.thomas@sakilacustomer.org"
"Karen Jackson","karen.jackson@sakilacustomer.org"
"Betty White","betty.white@sakilacustomer.org"
"Helen Harris","helen.harris@sakilacustomer.org"
"Sandra Martin","sandra.martin@sakilacustomer.org"
"Donna Thompson","donna.thompson@sakilacustomer.org"
"Carol Garcia","carol.garcia@sakilacustomer.org"
"Ruth Martinez","ruth.martinez@sakilacustomer.org"
"Sharon Robinson","sharon.robinson@sakilacustomer.org"
"Michelle Clark","michelle.clark@sakilacustomer.org"
"Laura Rodriguez","laura.rodriguez@sakilacustomer.org"
"Sarah Lewis","sarah.lewis@sakilacustomer.org"
"Kimberly Lee","kimberly.lee@sakilacustomer.org"
"Deborah Walker","deborah.walker@sakilacustomer.org"
"Jessica Hall","jessica.hall@sakilacustomer.org"
"Shirley Allen","shirley.allen@sakilacustomer.org"
"Cynthia Young","cynthia.young@sakilacustomer.org"
"Angela Hernandez","angela.hernandez@sakilacustomer.org"
"Melissa King","melissa.king@sakilacustomer.org"
"Brenda Wright","brenda.wright@sakilacustomer.org"
"Amy Lopez","amy.lopez@sakilacustomer.org"
"Anna Hill","anna.hill@sakilacustomer.org"
"Rebecca Scott","rebecca.scott@sakilacustomer.org"
"Virginia Green","virginia.green@sakilacustomer.org"
"Kathleen Adams","kathleen.adams@sakilacustomer.org"
"Pamela Baker","pamela.baker@sakilacustomer.org"
"Martha Gonzalez","martha.gonzalez@sakilacustomer.org"
"Debra Nelson","debra.nelson@sakilacustomer.org"
"Amanda Carter","amanda.carter@sakilacustomer.org"
"Stephanie Mitchell","stephanie.mitchell@sakilacustomer.org"
"Carolyn Perez","carolyn.perez@sakilacustomer.org"
"Christine Roberts","christine.roberts@sakilacustomer.org"
"Marie Turner","marie.turner@sakilacustomer.org"
"Janet Phillips","janet.phillips@sakilacustomer.org"
"Catherine Campbell","catherine.campbell@sakilacustomer.org"
"Frances Parker","frances.parker@sakilacustomer.org"
"Ann Evans","ann.evans@sakilacustomer.org"
"Joyce Edwards","joyce.edwards@sakilacustomer.org"
"Diane Collins","diane.collins@sakilacustomer.org"
"Alice Stewart","alice.stewart@sakilacustomer.org"
"Julie Sanchez","julie.sanchez@sakilacustomer.org"
"Heather Morris","heather.morris@sakilacustomer.org"
"Teresa Rogers","teresa.rogers@sakilacustomer.org"
"Doris Reed","doris.reed@sakilacustomer.org"
"Gloria Cook","gloria.cook@sakilacustomer.org"
"Evelyn Morgan","evelyn.morgan@sakilacustomer.org"
"Jean Bell","jean.bell@sakilacustomer.org"
"Cheryl Murphy","cheryl.murphy@sakilacustomer.org"
"Mildred Bailey","mildred.bailey@sakilacustomer.org"
"Katherine Rivera","katherine.rivera@sakilacustomer.org"
"Joan Cooper","joan.cooper@sakilacustomer.org"
"Ashley Richardson","ashley.richardson@sakilacustomer.org"
"Judith Cox","judith.cox@sakilacustomer.org"
"Rose Howard","rose.howard@sakilacustomer.org"
"Janice Ward","janice.ward@sakilacustomer.org"
"Kelly Torres","kelly.torres@sakilacustomer.org"
"Nicole Peterson","nicole.peterson@sakilacustomer.org"
"Judy Gray","judy.gray@sakilacustomer.org"
"Christina Ramirez","christina.ramirez@sakilacustomer.org"
"Kathy James","kathy.james@sakilacustomer.org"
"Theresa Watson","theresa.watson@sakilacustomer.org"
"Beverly Brooks","beverly.brooks@sakilacustomer.org"
"Denise Kelly","denise.kelly@sakilacustomer.org"
"Tammy Sanders","tammy.sanders@sakilacustomer.org"
"Irene Price","irene.price@sakilacustomer.org"
"Jane Bennett","jane.bennett@sakilacustomer.org"
"Lori Wood","lori.wood@sakilacustomer.org"
"Rachel Barnes","rachel.barnes@sakilacustomer.org"
"Marilyn Ross","marilyn.ross@sakilacustomer.org"
"Andrea Henderson","andrea.henderson@sakilacustomer.org"
"Kathryn Coleman","kathryn.coleman@sakilacustomer.org"
"Louise Jenkins","louise.jenkins@sakilacustomer.org"
"Sara Perry","sara.perry@sakilacustomer.org"
"Anne Powell","anne.powell@sakilacustomer.org"
"Jacqueline Long","jacqueline.long@sakilacustomer.org"
"Wanda Patterson","wanda.patterson@sakilacustomer.org"
"Bonnie Hughes","bonnie.hughes@sakilacustomer.org"
"Julia Flores","julia.flores@sakilacustomer.org"
"Ruby Washington","ruby.washington@sakilacustomer.org"
"Lois Butler","lois.butler@sakilacustomer.org"
"Tina Simmons","tina.simmons@sakilacustomer.org"
"Phyllis Foster","phyllis.foster@sakilacustomer.org"
"Norma Gonzales","norma.gonzales@sakilacustomer.org"
"Paula Bryant","paula.bryant@sakilacustomer.org"
"Diana Alexander","diana.alexander@sakilacustomer.org"
"Annie Russell","annie.russell@sakilacustomer.org"
"Lillian Griffin","lillian.griffin@sakilacustomer.org"
"Emily Diaz","emily.diaz@sakilacustomer.org"
"Robin Hayes","robin.hayes@sakilacustomer.org"
"Peggy Myers","peggy.myers@sakilacustomer.org"
"Crystal Ford","crystal.ford@sakilacustomer.org"
"Gladys Hamilton","gladys.hamilton@sakilacustomer.org"
"Rita Graham","rita.graham@sakilacustomer.org"
"Dawn Sullivan","dawn.sullivan@sakilacustomer.org"
"Connie Wallace","connie.wallace@sakilacustomer.org"
"Florence Woods","florence.woods@sakilacustomer.org"
"Tracy Cole","tracy.cole@sakilacustomer.org"
"Edna West","edna.west@sakilacustomer.org"
"Tiffany Jordan","tiffany.jordan@sakilacustomer.org"
"Carmen Owens","carmen.owens@sakilacustomer.org"
"Rosa Reynolds","rosa.reynolds@sakilacustomer.org"
"Cindy Fisher","cindy.fisher@sakilacustomer.org"
"Grace Ellis","grace.ellis@sakilacustomer.org"
"Wendy Harrison","wendy.harrison@sakilacustomer.org"
"Victoria Gibson","victoria.gibson@sakilacustomer.org"
"Edith Mcdonald","edith.mcdonald@sakilacustomer.org"
"Kim Cruz","kim.cruz@sakilacustomer.org"
"Sherry Marshall","sherry.marshall@sakilacustomer.org"
"Sylvia Ortiz","sylvia.ortiz@sakilacustomer.org"
"Josephine Gomez","josephine.gomez@sakilacustomer.org"
"Thelma Murray","thelma.murray@sakilacustomer.org"
"Shannon Freeman","shannon.freeman@sakilacustomer.org"
"Sheila Wells","sheila.wells@sakilacustomer.org"
"Ethel Webb","ethel.webb@sakilacustomer.org"
"Ellen Simpson","ellen.simpson@sakilacustomer.org"
"Elaine Stevens","elaine.stevens@sakilacustomer.org"
"Marjorie Tucker","marjorie.tucker@sakilacustomer.org"
"Carrie Porter","carrie.porter@sakilacustomer.org"
"Charlotte Hunter","charlotte.hunter@sakilacustomer.org"
"Monica Hicks","monica.hicks@sakilacustomer.org"
"Esther Crawford","esther.crawford@sakilacustomer.org"
"Pauline Henry","pauline.henry@sakilacustomer.org"
"Emma Boyd","emma.boyd@sakilacustomer.org"
"Juanita Mason","juanita.mason@sakilacustomer.org"
"Anita Morales","anita.morales@sakilacustomer.org"
"Rhonda Kennedy","rhonda.kennedy@sakilacustomer.org"
"Hazel Warren","hazel.warren@sakilacustomer.org"
"Amber Dixon","amber.dixon@sakilacustomer.org"
"Eva Ramos","eva.ramos@sakilacustomer.org"
"Debbie Reyes","debbie.reyes@sakilacustomer.org"
"April Burns","april.burns@sakilacustomer.org"
"Leslie Gordon","leslie.gordon@sakilacustomer.org"
"Clara Shaw","clara.shaw@sakilacustomer.org"
"Lucille Holmes","lucille.holmes@sakilacustomer.org"
"Jamie Rice","jamie.rice@sakilacustomer.org"
"Joanne Robertson","joanne.robertson@sakilacustomer.org"
"Eleanor Hunt","eleanor.hunt@sakilacustomer.org"
"Valerie Black","valerie.black@sakilacustomer.org"
"Danielle Daniels","danielle.daniels@sakilacustomer.org"
"Megan Palmer","megan.palmer@sakilacustomer.org"
"Alicia Mills","alicia.mills@sakilacustomer.org"
"Suzanne Nichols","suzanne.nichols@sakilacustomer.org"
"Michele Grant","michele.grant@sakilacustomer.org"
"Gail Knight","gail.knight@sakilacustomer.org"
"Bertha Ferguson","bertha.ferguson@sakilacustomer.org"
"Darlene Rose","darlene.rose@sakilacustomer.org"
"Veronica Stone","veronica.stone@sakilacustomer.org"
"Jill Hawkins","jill.hawkins@sakilacustomer.org"
"Erin Dunn","erin.dunn@sakilacustomer.org"
"Geraldine Perkins","geraldine.perkins@sakilacustomer.org"
"Lauren Hudson","lauren.hudson@sakilacustomer.org"
"Cathy Spencer","cathy.spencer@sakilacustomer.org"
"Joann Gardner","joann.gardner@sakilacustomer.org"
"Lorraine Stephens","lorraine.stephens@sakilacustomer.org"
"Lynn Payne","lynn.payne@sakilacustomer.org"
"Sally Pierce","sally.pierce@sakilacustomer.org"
"Regina Berry","regina.berry@sakilacustomer.org"
"Erica Matthews","erica.matthews@sakilacustomer.org"
"Beatrice Arnold","beatrice.arnold@sakilacustomer.org"
"Dolores Wagner","dolores.wagner@sakilacustomer.org"
"Bernice Willis","bernice.willis@sakilacustomer.org"
"Audrey Ray","audrey.ray@sakilacustomer.org"
"Yvonne Watkins","yvonne.watkins@sakilacustomer.org"
"Annette Olson","annette.olson@sakilacustomer.org"
"June Carroll","june.carroll@sakilacustomer.org"
"Samantha Duncan","samantha.duncan@sakilacustomer.org"
"Marion Snyder","marion.snyder@sakilacustomer.org"
"Dana Hart","dana.hart@sakilacustomer.org"
"Stacy Cunningham","stacy.cunningham@sakilacustomer.org"
"Ana Bradley","ana.bradley@sakilacustomer.org"
"Renee Lane","renee.lane@sakilacustomer.org"
"Ida Andrews","ida.andrews@sakilacustomer.org"
"Vivian Ruiz","vivian.ruiz@sakilacustomer.org"
"Roberta Harper","roberta.harper@sakilacustomer.org"
"Holly Fox","holly.fox@sakilacustomer.org"
"Brittany Riley","brittany.riley@sakilacustomer.org"
"Melanie Armstrong","melanie.armstrong@sakilacustomer.org"
"Loretta Carpenter","loretta.carpenter@sakilacustomer.org"
"Yolanda Weaver","yolanda.weaver@sakilacustomer.org"
"Jeanette Greene","jeanette.greene@sakilacustomer.org"
"Laurie Lawrence","laurie.lawrence@sakilacustomer.org"
"Katie Elliott","katie.elliott@sakilacustomer.org"
"Kristen Chavez","kristen.chavez@sakilacustomer.org"
"Vanessa Sims","vanessa.sims@sakilacustomer.org"
"Alma Austin","alma.austin@sakilacustomer.org"
"Sue Peters","sue.peters@sakilacustomer.org"
"Elsie Kelley","elsie.kelley@sakilacustomer.org"
"Beth Franklin","beth.franklin@sakilacustomer.org"
"Jeanne Lawson","jeanne.lawson@sakilacustomer.org"
"Vicki Fields","vicki.fields@sakilacustomer.org"
"Carla Gutierrez","carla.gutierrez@sakilacustomer.org"
"Tara Ryan","tara.ryan@sakilacustomer.org"
"Rosemary Schmidt","rosemary.schmidt@sakilacustomer.org"
"Eileen Carr","eileen.carr@sakilacustomer.org"
"Terri Vasquez","terri.vasquez@sakilacustomer.org"
"Gertrude Castillo","gertrude.castillo@sakilacustomer.org"
"Lucy Wheeler","lucy.wheeler@sakilacustomer.org"
"Tonya Chapman","tonya.chapman@sakilacustomer.org"
"Ella Oliver","ella.oliver@sakilacustomer.org"
"Stacey Montgomery","stacey.montgomery@sakilacustomer.org"
"Wilma Richards","wilma.richards@sakilacustomer.org"
"Gina Williamson","gina.williamson@sakilacustomer.org"
"Kristin Johnston","kristin.johnston@sakilacustomer.org"
"Jessie Banks","jessie.banks@sakilacustomer.org"
"Natalie Meyer","natalie.meyer@sakilacustomer.org"
"Agnes Bishop","agnes.bishop@sakilacustomer.org"
"Vera Mccoy","vera.mccoy@sakilacustomer.org"
"Willie Howell","willie.howell@sakilacustomer.org"
"Charlene Alvarez","charlene.alvarez@sakilacustomer.org"
"Bessie Morrison","bessie.morrison@sakilacustomer.org"
"Delores Hansen","delores.hansen@sakilacustomer.org"
"Melinda Fernandez","melinda.fernandez@sakilacustomer.org"
"Pearl Garza","pearl.garza@sakilacustomer.org"
"Arlene Harvey","arlene.harvey@sakilacustomer.org"
"Maureen Little","maureen.little@sakilacustomer.org"
"Colleen Burton","colleen.burton@sakilacustomer.org"
"Allison Stanley","allison.stanley@sakilacustomer.org"
"Tamara Nguyen","tamara.nguyen@sakilacustomer.org"
"Joy George","joy.george@sakilacustomer.org"
"Georgia Jacobs","georgia.jacobs@sakilacustomer.org"
"Constance Reid","constance.reid@sakilacustomer.org"
"Lillie Kim","lillie.kim@sakilacustomer.org"
"Claudia Fuller","claudia.fuller@sakilacustomer.org"
"Jackie Lynch","jackie.lynch@sakilacustomer.org"
"Marcia Dean","marcia.dean@sakilacustomer.org"
"Tanya Gilbert","tanya.gilbert@sakilacustomer.org"
"Nellie Garrett","nellie.garrett@sakilacustomer.org"
"Minnie Romero","minnie.romero@sakilacustomer.org"
"Marlene Welch","marlene.welch@sakilacustomer.org"
"Heidi Larson","heidi.larson@sakilacustomer.org"
"Glenda Frazier","glenda.frazier@sakilacustomer.org"
"Lydia Burke","lydia.burke@sakilacustomer.org"
"Viola Hanson","viola.hanson@sakilacustomer.org"
"Courtney Day","courtney.day@sakilacustomer.org"
"Marian Mendoza","marian.mendoza@sakilacustomer.org"
"Stella Moreno","stella.moreno@sakilacustomer.org"
"Caroline Bowman","caroline.bowman@sakilacustomer.org"
"Dora Medina","dora.medina@sakilacustomer.org"
"Jo Fowler","jo.fowler@sakilacustomer.org"
"Vickie Brewer","vickie.brewer@sakilacustomer.org"
"Mattie Hoffman","mattie.hoffman@sakilacustomer.org"
"Terry Carlson","terry.carlson@sakilacustomer.org"
"Maxine Silva","maxine.silva@sakilacustomer.org"
"Irma Pearson","irma.pearson@sakilacustomer.org"
"Mabel Holland","mabel.holland@sakilacustomer.org"
"Marsha Douglas","marsha.douglas@sakilacustomer.org"
"Myrtle Fleming","myrtle.fleming@sakilacustomer.org"
"Lena Jensen","lena.jensen@sakilacustomer.org"
"Christy Vargas","christy.vargas@sakilacustomer.org"
"Deanna Byrd","deanna.byrd@sakilacustomer.org"
"Patsy Davidson","patsy.davidson@sakilacustomer.org"
"Hilda Hopkins","hilda.hopkins@sakilacustomer.org"
"Gwendolyn May","gwendolyn.may@sakilacustomer.org"
"Jennie Terry","jennie.terry@sakilacustomer.org"
"Nora Herrera","nora.herrera@sakilacustomer.org"
"Margie Wade","margie.wade@sakilacustomer.org"
"Nina Soto","nina.soto@sakilacustomer.org"
"Cassandra Walters","cassandra.walters@sakilacustomer.org"
"Leah Curtis","leah.curtis@sakilacustomer.org"
"Penny Neal","penny.neal@sakilacustomer.org"
"Kay Caldwell","kay.caldwell@sakilacustomer.org"
"Priscilla Lowe","priscilla.lowe@sakilacustomer.org"
"Naomi Jennings","naomi.jennings@sakilacustomer.org"
"Carole Barnett","carole.barnett@sakilacustomer.org"
"Brandy Graves","brandy.graves@sakilacustomer.org"
"Olga Jimenez","olga.jimenez@sakilacustomer.org"
"Billie Horton","billie.horton@sakilacustomer.org"
"Dianne Shelton","dianne.shelton@sakilacustomer.org"
"Tracey Barrett","tracey.barrett@sakilacustomer.org"
"Leona Obrien","leona.obrien@sakilacustomer.org"
"Jenny Castro","jenny.castro@sakilacustomer.org"
"Felicia Sutton","felicia.sutton@sakilacustomer.org"
"Sonia Gregory","sonia.gregory@sakilacustomer.org"
"Miriam Mckinney","miriam.mckinney@sakilacustomer.org"
"Velma Lucas","velma.lucas@sakilacustomer.org"
"Becky Miles","becky.miles@sakilacustomer.org"
"Bobbie Craig","bobbie.craig@sakilacustomer.org"
"Violet Rodriquez","violet.rodriquez@sakilacustomer.org"
"Kristina Chambers","kristina.chambers@sakilacustomer.org"
"Toni Holt","toni.holt@sakilacustomer.org"
"Misty Lambert","misty.lambert@sakilacustomer.org"
"Mae Fletcher","mae.fletcher@sakilacustomer.org"
"Shelly Watts","shelly.watts@sakilacustomer.org"
"Daisy Bates","daisy.bates@sakilacustomer.org"
"Ramona Hale","ramona.hale@sakilacustomer.org"
"Sherri Rhodes","sherri.rhodes@sakilacustomer.org"
"Erika Pena","erika.pena@sakilacustomer.org"
"James Gannon","james.gannon@sakilacustomer.org"
"John Farnsworth","john.farnsworth@sakilacustomer.org"
"Robert Baughman","robert.baughman@sakilacustomer.org"
"Michael Silverman","michael.silverman@sakilacustomer.org"
"William Satterfield","william.satterfield@sakilacustomer.org"
"David Royal","david.royal@sakilacustomer.org"
"Richard Mccrary","richard.mccrary@sakilacustomer.org"
"Charles Kowalski","charles.kowalski@sakilacustomer.org"
"Joseph Joy","joseph.joy@sakilacustomer.org"
"Thomas Grigsby","thomas.grigsby@sakilacustomer.org"
"Christopher Greco","christopher.greco@sakilacustomer.org"
"Daniel Cabral","daniel.cabral@sakilacustomer.org"
"Paul Trout","paul.trout@sakilacustomer.org"
"Mark Rinehart","mark.rinehart@sakilacustomer.org"
"Donald Mahon","donald.mahon@sakilacustomer.org"
"George Linton","george.linton@sakilacustomer.org"
"Kenneth Gooden","kenneth.gooden@sakilacustomer.org"
"Steven Curley","steven.curley@sakilacustomer.org"
"Edward Baugh","edward.baugh@sakilacustomer.org"
"Brian Wyman","brian.wyman@sakilacustomer.org"
"Ronald Weiner","ronald.weiner@sakilacustomer.org"
"Anthony Schwab","anthony.schwab@sakilacustomer.org"
"Kevin Schuler","kevin.schuler@sakilacustomer.org"
"Jason Morrissey","jason.morrissey@sakilacustomer.org"
"Matthew Mahan","matthew.mahan@sakilacustomer.org"
"Gary Coy","gary.coy@sakilacustomer.org"
"Timothy Bunn","timothy.bunn@sakilacustomer.org"
"Jose Andrew","jose.andrew@sakilacustomer.org"
"Larry Thrasher","larry.thrasher@sakilacustomer.org"
"Jeffrey Spear","jeffrey.spear@sakilacustomer.org"
"Frank Waggoner","frank.waggoner@sakilacustomer.org"
"Scott Shelley","scott.shelley@sakilacustomer.org"
"Eric Robert","eric.robert@sakilacustomer.org"
"Stephen Qualls","stephen.qualls@sakilacustomer.org"
"Andrew Purdy","andrew.purdy@sakilacustomer.org"
"Raymond Mcwhorter","raymond.mcwhorter@sakilacustomer.org"
"Gregory Mauldin","gregory.mauldin@sakilacustomer.org"
"Joshua Mark","joshua.mark@sakilacustomer.org"
"Jerry Jordon","jerry.jordon@sakilacustomer.org"
"Dennis Gilman","dennis.gilman@sakilacustomer.org"
"Walter Perryman","walter.perryman@sakilacustomer.org"
"Patrick Newsom","patrick.newsom@sakilacustomer.org"
"Peter Menard","peter.menard@sakilacustomer.org"
"Harold Martino","harold.martino@sakilacustomer.org"
"Douglas Graf","douglas.graf@sakilacustomer.org"
"Henry Billingsley","henry.billingsley@sakilacustomer.org"
"Carl Artis","carl.artis@sakilacustomer.org"
"Arthur Simpkins","arthur.simpkins@sakilacustomer.org"
"Ryan Salisbury","ryan.salisbury@sakilacustomer.org"
"Roger Quintanilla","roger.quintanilla@sakilacustomer.org"
"Joe Gilliland","joe.gilliland@sakilacustomer.org"
"Juan Fraley","juan.fraley@sakilacustomer.org"
"Jack Foust","jack.foust@sakilacustomer.org"
"Albert Crouse","albert.crouse@sakilacustomer.org"
"Jonathan Scarborough","jonathan.scarborough@sakilacustomer.org"
"Justin Ngo","justin.ngo@sakilacustomer.org"
"Terry Grissom","terry.grissom@sakilacustomer.org"
"Gerald Fultz","gerald.fultz@sakilacustomer.org"
"Keith Rico","keith.rico@sakilacustomer.org"
"Samuel Marlow","samuel.marlow@sakilacustomer.org"
"Willie Markham","willie.markham@sakilacustomer.org"
"Ralph Madrigal","ralph.madrigal@sakilacustomer.org"
"Lawrence Lawton","lawrence.lawton@sakilacustomer.org"
"Nicholas Barfield","nicholas.barfield@sakilacustomer.org"
"Roy Whiting","roy.whiting@sakilacustomer.org"
"Benjamin Varney","benjamin.varney@sakilacustomer.org"
"Bruce Schwarz","bruce.schwarz@sakilacustomer.org"
"Brandon Huey","brandon.huey@sakilacustomer.org"
"Adam Gooch","adam.gooch@sakilacustomer.org"
"Harry Arce","harry.arce@sakilacustomer.org"
"Fred Wheat","fred.wheat@sakilacustomer.org"
"Wayne Truong","wayne.truong@sakilacustomer.org"
"Billy Poulin","billy.poulin@sakilacustomer.org"
"Steve Mackenzie","steve.mackenzie@sakilacustomer.org"
"Louis Leone","louis.leone@sakilacustomer.org"
"Jeremy Hurtado","jeremy.hurtado@sakilacustomer.org"
"Aaron Selby","aaron.selby@sakilacustomer.org"
"Randy Gaither","randy.gaither@sakilacustomer.org"
"Howard Fortner","howard.fortner@sakilacustomer.org"
"Eugene Culpepper","eugene.culpepper@sakilacustomer.org"
"Carlos Coughlin","carlos.coughlin@sakilacustomer.org"
"Russell Brinson","russell.brinson@sakilacustomer.org"
"Bobby Boudreau","bobby.boudreau@sakilacustomer.org"
"Victor Barkley","victor.barkley@sakilacustomer.org"
"Martin Bales","martin.bales@sakilacustomer.org"
"Ernest Stepp","ernest.stepp@sakilacustomer.org"
"Phillip Holm","phillip.holm@sakilacustomer.org"
"Todd Tan","todd.tan@sakilacustomer.org"
"Jesse Schilling","jesse.schilling@sakilacustomer.org"
"Craig Morrell","craig.morrell@sakilacustomer.org"
"Alan Kahn","alan.kahn@sakilacustomer.org"
"Shawn Heaton","shawn.heaton@sakilacustomer.org"
"Clarence Gamez","clarence.gamez@sakilacustomer.org"
"Sean Douglass","sean.douglass@sakilacustomer.org"
"Philip Causey","philip.causey@sakilacustomer.org"
"Chris Brothers","chris.brothers@sakilacustomer.org"
"Johnny Turpin","johnny.turpin@sakilacustomer.org"
"Earl Shanks","earl.shanks@sakilacustomer.org"
"Jimmy Schrader","jimmy.schrader@sakilacustomer.org"
"Antonio Meek","antonio.meek@sakilacustomer.org"
"Danny Isom","danny.isom@sakilacustomer.org"
"Bryan Hardison","bryan.hardison@sakilacustomer.org"
"Tony Carranza","tony.carranza@sakilacustomer.org"
"Luis Yanez","luis.yanez@sakilacustomer.org"
"Mike Way","mike.way@sakilacustomer.org"
"Stanley Scroggins","stanley.scroggins@sakilacustomer.org"
"Leonard Schofield","leonard.schofield@sakilacustomer.org"
"Nathan Runyon","nathan.runyon@sakilacustomer.org"
"Dale Ratcliff","dale.ratcliff@sakilacustomer.org"
"Manuel Murrell","manuel.murrell@sakilacustomer.org"
"Rodney Moeller","rodney.moeller@sakilacustomer.org"
"Curtis Irby","curtis.irby@sakilacustomer.org"
"Norman Currier","norman.currier@sakilacustomer.org"
"Allen Butterfield","allen.butterfield@sakilacustomer.org"
"Marvin Yee","marvin.yee@sakilacustomer.org"
"Vincent Ralston","vincent.ralston@sakilacustomer.org"
"Glenn Pullen","glenn.pullen@sakilacustomer.org"
"Jeffery Pinson","jeffery.pinson@sakilacustomer.org"
"Travis Estep","travis.estep@sakilacustomer.org"
"Jeff East","jeff.east@sakilacustomer.org"
"Chad Carbone","chad.carbone@sakilacustomer.org"
"Jacob Lance","jacob.lance@sakilacustomer.org"
"Lee Hawks","lee.hawks@sakilacustomer.org"
"Melvin Ellington","melvin.ellington@sakilacustomer.org"
"Alfred Casillas","alfred.casillas@sakilacustomer.org"
"Kyle Spurlock","kyle.spurlock@sakilacustomer.org"
"Francis Sikes","francis.sikes@sakilacustomer.org"
"Bradley Motley","bradley.motley@sakilacustomer.org"
"Jesus Mccartney","jesus.mccartney@sakilacustomer.org"
"Herbert Kruger","herbert.kruger@sakilacustomer.org"
"Frederick Isbell","frederick.isbell@sakilacustomer.org"
"Ray Houle","ray.houle@sakilacustomer.org"
"Joel Francisco","joel.francisco@sakilacustomer.org"
"Edwin Burk","edwin.burk@sakilacustomer.org"
"Don Bone","don.bone@sakilacustomer.org"
"Eddie Tomlin","eddie.tomlin@sakilacustomer.org"
"Ricky Shelby","ricky.shelby@sakilacustomer.org"
"Troy Quigley","troy.quigley@sakilacustomer.org"
"Randall Neumann","randall.neumann@sakilacustomer.org"
"Barry Lovelace","barry.lovelace@sakilacustomer.org"
"Alexander Fennell","alexander.fennell@sakilacustomer.org"
"Bernard Colby","bernard.colby@sakilacustomer.org"
"Mario Cheatham","mario.cheatham@sakilacustomer.org"
"Leroy Bustamante","leroy.bustamante@sakilacustomer.org"
"Francisco Skidmore","francisco.skidmore@sakilacustomer.org"
"Marcus Hidalgo","marcus.hidalgo@sakilacustomer.org"
"Micheal Forman","micheal.forman@sakilacustomer.org"
"Theodore Culp","theodore.culp@sakilacustomer.org"
"Clifford Bowens","clifford.bowens@sakilacustomer.org"
"Miguel Betancourt","miguel.betancourt@sakilacustomer.org"
"Oscar Aquino","oscar.aquino@sakilacustomer.org"
"Jay Robb","jay.robb@sakilacustomer.org"
"Jim Rea","jim.rea@sakilacustomer.org"
"Tom Milner","tom.milner@sakilacustomer.org"
"Calvin Martel","calvin.martel@sakilacustomer.org"
"Alex Gresham","alex.gresham@sakilacustomer.org"
"Jon Wiles","jon.wiles@sakilacustomer.org"
"Ronnie Ricketts","ronnie.ricketts@sakilacustomer.org"
"Bill Gavin","bill.gavin@sakilacustomer.org"
"Lloyd Dowd","lloyd.dowd@sakilacustomer.org"
"Tommy Collazo","tommy.collazo@sakilacustomer.org"
"Leon Bostic","leon.bostic@sakilacustomer.org"
"Derek Blakely","derek.blakely@sakilacustomer.org"
"Warren Sherrod","warren.sherrod@sakilacustomer.org"
"Darrell Power","darrell.power@sakilacustomer.org"
"Jerome Kenyon","jerome.kenyon@sakilacustomer.org"
"Floyd Gandy","floyd.gandy@sakilacustomer.org"
"Leo Ebert","leo.ebert@sakilacustomer.org"
"Alvin Deloach","alvin.deloach@sakilacustomer.org"
"Tim Cary","tim.cary@sakilacustomer.org"
"Wesley Bull","wesley.bull@sakilacustomer.org"
"Gordon Allard","gordon.allard@sakilacustomer.org"
"Dean Sauer","dean.sauer@sakilacustomer.org"
"Greg Robins","greg.robins@sakilacustomer.org"
"Jorge Olivares","jorge.olivares@sakilacustomer.org"
"Dustin Gillette","dustin.gillette@sakilacustomer.org"
"Pedro Chestnut","pedro.chestnut@sakilacustomer.org"
"Derrick Bourque","derrick.bourque@sakilacustomer.org"
"Dan Paine","dan.paine@sakilacustomer.org"
"Lewis Lyman","lewis.lyman@sakilacustomer.org"
"Zachary Hite","zachary.hite@sakilacustomer.org"
"Corey Hauser","corey.hauser@sakilacustomer.org"
"Herman Devore","herman.devore@sakilacustomer.org"
"Maurice Crawley","maurice.crawley@sakilacustomer.org"
"Vernon Chapa","vernon.chapa@sakilacustomer.org"
"Roberto Vu","roberto.vu@sakilacustomer.org"
"Clyde Tobias","clyde.tobias@sakilacustomer.org"
"Glen Talbert","glen.talbert@sakilacustomer.org"
"Hector Poindexter","hector.poindexter@sakilacustomer.org"
"Shane Millard","shane.millard@sakilacustomer.org"
"Ricardo Meador","ricardo.meador@sakilacustomer.org"
"Sam Mcduffie","sam.mcduffie@sakilacustomer.org"
"Rick Mattox","rick.mattox@sakilacustomer.org"
"Lester Kraus","lester.kraus@sakilacustomer.org"
"Brent Harkins","brent.harkins@sakilacustomer.org"
"Ramon Choate","ramon.choate@sakilacustomer.org"
"Charlie Bess","charlie.bess@sakilacustomer.org"
"Tyler Wren","tyler.wren@sakilacustomer.org"
"Gilbert Sledge","gilbert.sledge@sakilacustomer.org"
"Gene Sanborn","gene.sanborn@sakilacustomer.org"
"Marc Outlaw","marc.outlaw@sakilacustomer.org"
"Reginald Kinder","reginald.kinder@sakilacustomer.org"
"Ruben Geary","ruben.geary@sakilacustomer.org"
"Brett Cornwell","brett.cornwell@sakilacustomer.org"
"Angel Barclay","angel.barclay@sakilacustomer.org"
"Nathaniel Adam","nathaniel.adam@sakilacustomer.org"
"Rafael Abney","rafael.abney@sakilacustomer.org"
"Leslie Seward","leslie.seward@sakilacustomer.org"
"Edgar Rhoads","edgar.rhoads@sakilacustomer.org"
"Milton Howland","milton.howland@sakilacustomer.org"
"Raul Fortier","raul.fortier@sakilacustomer.org"
"Ben Easter","ben.easter@sakilacustomer.org"
"Chester Benner","chester.benner@sakilacustomer.org"
"Cecil Vines","cecil.vines@sakilacustomer.org"
"Duane Tubbs","duane.tubbs@sakilacustomer.org"
"Franklin Troutman","franklin.troutman@sakilacustomer.org"
"Andre Rapp","andre.rapp@sakilacustomer.org"
"Elmer Noe","elmer.noe@sakilacustomer.org"
"Brad Mccurdy","brad.mccurdy@sakilacustomer.org"
"Gabriel Harder","gabriel.harder@sakilacustomer.org"
"Ron Deluca","ron.deluca@sakilacustomer.org"
"Mitchell Westmoreland","mitchell.westmoreland@sakilacustomer.org"
"Roland South","roland.south@sakilacustomer.org"
"Arnold Havens","arnold.havens@sakilacustomer.org"
"Harvey Guajardo","harvey.guajardo@sakilacustomer.org"
"Adrian Clary","adrian.clary@sakilacustomer.org"
"Karl Seal","karl.seal@sakilacustomer.org"
"Cory Meehan","cory.meehan@sakilacustomer.org"
"Claude Herzog","claude.herzog@sakilacustomer.org"
"Erik Guillen","erik.guillen@sakilacustomer.org"
"Darryl Ashcraft","darryl.ashcraft@sakilacustomer.org"
"Jamie Waugh","jamie.waugh@sakilacustomer.org"
"Neil Renner","neil.renner@sakilacustomer.org"
"Jessie Milam","jessie.milam@sakilacustomer.org"
"Christian Jung","christian.jung@sakilacustomer.org"
"Javier Elrod","javier.elrod@sakilacustomer.org"
"Fernando Churchill","fernando.churchill@sakilacustomer.org"
"Clinton Buford","clinton.buford@sakilacustomer.org"
"Ted Breaux","ted.breaux@sakilacustomer.org"
"Mathew Bolin","mathew.bolin@sakilacustomer.org"
"Tyrone Asher","tyrone.asher@sakilacustomer.org"
"Darren Windham","darren.windham@sakilacustomer.org"
"Lonnie Tirado","lonnie.tirado@sakilacustomer.org"
"Lance Pemberton","lance.pemberton@sakilacustomer.org"
"Cody Nolen","cody.nolen@sakilacustomer.org"
"Julio Noland","julio.noland@sakilacustomer.org"
"Kelly Knott","kelly.knott@sakilacustomer.org"
"Kurt Emmons","kurt.emmons@sakilacustomer.org"
"Allan Cornish","allan.cornish@sakilacustomer.org"
"Nelson Christenson","nelson.christenson@sakilacustomer.org"
"Guy Brownlee","guy.brownlee@sakilacustomer.org"
"Clayton Barbee","clayton.barbee@sakilacustomer.org"
"Hugh Waldrop","hugh.waldrop@sakilacustomer.org"
"Max Pitt","max.pitt@sakilacustomer.org"
"Dwayne Olvera","dwayne.olvera@sakilacustomer.org"
"Dwight Lombardi","dwight.lombardi@sakilacustomer.org"
"Armando Gruber","armando.gruber@sakilacustomer.org"
"Felix Gaffney","felix.gaffney@sakilacustomer.org"
"Jimmie Eggleston","jimmie.eggleston@sakilacustomer.org"
"Everett Banda","everett.banda@sakilacustomer.org"
"Jordan Archuleta","jordan.archuleta@sakilacustomer.org"
"Ian Still","ian.still@sakilacustomer.org"
"Wallace Slone","wallace.slone@sakilacustomer.org"
"Ken Prewitt","ken.prewitt@sakilacustomer.org"
"Bob Pfeiffer","bob.pfeiffer@sakilacustomer.org"
"Jaime Nettles","jaime.nettles@sakilacustomer.org"
"Casey Mena","casey.mena@sakilacustomer.org"
"Alfredo Mcadams","alfredo.mcadams@sakilacustomer.org"
"Alberto Henning","alberto.henning@sakilacustomer.org"
"Dave Gardiner","dave.gardiner@sakilacustomer.org"
"Ivan Cromwell","ivan.cromwell@sakilacustomer.org"
"Johnnie Chisholm","johnnie.chisholm@sakilacustomer.org"
"Sidney Burleson","sidney.burleson@sakilacustomer.org"
"Byron Box","byron.box@sakilacustomer.org"
"Julian Vest","julian.vest@sakilacustomer.org"
"Isaac Oglesby","isaac.oglesby@sakilacustomer.org"
"Morris Mccarter","morris.mccarter@sakilacustomer.org"
"Clifton Malcolm","clifton.malcolm@sakilacustomer.org"
"Willard Lumpkin","willard.lumpkin@sakilacustomer.org"
"Daryl Larue","daryl.larue@sakilacustomer.org"
"Ross Grey","ross.grey@sakilacustomer.org"
"Virgil Wofford","virgil.wofford@sakilacustomer.org"
"Andy Vanhorn","andy.vanhorn@sakilacustomer.org"
"Marshall Thorn","marshall.thorn@sakilacustomer.org"
"Salvador Teel","salvador.teel@sakilacustomer.org"
"Perry Swafford","perry.swafford@sakilacustomer.org"
"Kirk Stclair","kirk.stclair@sakilacustomer.org"
"Sergio Stanfield","sergio.stanfield@sakilacustomer.org"
"Marion Ocampo","marion.ocampo@sakilacustomer.org"
"Tracy Herrmann","tracy.herrmann@sakilacustomer.org"
"Seth Hannon","seth.hannon@sakilacustomer.org"
"Kent Arsenault","kent.arsenault@sakilacustomer.org"
"Terrance Roush","terrance.roush@sakilacustomer.org"
"Rene Mcalister","rene.mcalister@sakilacustomer.org"
"Eduardo Hiatt","eduardo.hiatt@sakilacustomer.org"
"Terrence Gunderson","terrence.gunderson@sakilacustomer.org"
"Enrique Forsythe","enrique.forsythe@sakilacustomer.org"
"Freddie Duggan","freddie.duggan@sakilacustomer.org"
"Wade Delvalle","wade.delvalle@sakilacustomer.org"
"Austin Cintron","austin.cintron@sakilacustomer.org"
